antenna,channel,eventNum,format,idHex,peakRssi,phase,reads,timestamp,type,timestampConverted
1,865.7,1578,epc,e28011c1a50000703f052e88,-63,-55.79576873779297,1,2026-03-31T10:00:59.097000+00:00,CUSTOM,1774951259097
1,865.7,1579,epc,e28069950000500f97d2f250,-61,138.6736602783203,1,2026-03-31T10:00:59.117000+00:00,CUSTOM,1774951259117
1,865.7,1580,epc,e28011b0a5050077ab398229,-48,-65.89801025390625,1,2026-03-31T10:00:59.118000+00:00,CUSTOM,1774951259118
2,865.7,1581,epc,e28069950000400f97d6e252,-68,-69.80376434326172,1,2026-03-31T10:00:59.148000+00:00,CUSTOM,1774951259148
2,865.7,1582,epc,e2806890000000001829a9f8,-65,-147.7706298828125,1,2026-03-31T10:00:59.158000+00:00,CUSTOM,1774951259158
2,865.7,1583,epc,e28011b0a5050077ab398239,-64,-160.0701904296875,1,2026-03-31T10:00:59.158000+00:00,CUSTOM,1774951259158
2,865.7,1584,epc,e28069950000500f97d29e55,-72,-100.45655822753906,1,2026-03-31T10:00:59.168000+00:00,CUSTOM,1774951259168
2,865.7,1585,epc,303800000666e10000000055,-58,80.27405548095703,1,2026-03-31T10:00:59.169000+00:00,CUSTOM,1774951259169
2,865.7,1586,epc,e28069950000400f97d52e52,-66,-138.96481323242188,1,2026-03-31T10:00:59.178000+00:00,CUSTOM,1774951259178
2,865.7,1587,epc,e82011122223333444450011,-69,-108.6306381225586,1,2026-03-31T10:00:59.189000+00:00,CUSTOM,1774951259189
3,865.7,1588,epc,e28069950000500f97d76651,-57,-90.67293548583984,1,2026-03-31T10:00:59.219000+00:00,CUSTOM,1774951259219
1,865.7,1589,epc,e28011b0a5050077ab39a8a9,-37,54.03240966796875,1,2026-03-31T10:00:59.301000+00:00,CUSTOM,1774951259301
1,865.7,1590,epc,e28069950000400f97d3c652,-61,54.735557556152344,1,2026-03-31T10:00:59.302000+00:00,CUSTOM,1774951259302
1,865.7,1591,epc,e28069950000400f97d38650,-62,123.44065856933594,1,2026-03-31T10:00:59.311000+00:00,CUSTOM,1774951259311
1,865.7,1592,epc,e28011b0a5050077ab3982f9,-49,138.2836456298828,1,2026-03-31T10:00:59.321000+00:00,CUSTOM,1774951259321
1,865.7,1593,epc,e28069950000500f97d8aa52,-58,-17.935728073120117,1,2026-03-31T10:00:59.322000+00:00,CUSTOM,1774951259322
1,865.7,1594,epc,e28069950000500f97d3ae52,-57,150.7095489501953,1,2026-03-31T10:00:59.332000+00:00,CUSTOM,1774951259332
1,865.7,1595,epc,e28069950000500f97d83a52,-54,107.2408218383789,1,2026-03-31T10:00:59.342000+00:00,CUSTOM,1774951259342
1,865.7,1596,epc,e28069950000500f97d74a44,-58,-131.8509521484375,1,2026-03-31T10:00:59.352000+00:00,CUSTOM,1774951259352
1,865.7,1597,epc,e28011b0a5050077ab398239,-45,9.629810333251953,1,2026-03-31T10:00:59.362000+00:00,CUSTOM,1774951259362
1,865.7,1598,epc,e28069950000500f97d57a52,-61,174.16058349609375,1,2026-03-31T10:00:59.393000+00:00,CUSTOM,1774951259393
1,865.7,1599,epc,e28069950000500f97d2ca51,-57,-112.88247680664062,1,2026-03-31T10:00:59.394000+00:00,CUSTOM,1774951259394
1,865.7,1600,epc,e28011b0a5050077ab397ab9,-44,-76.58802795410156,1,2026-03-31T10:00:59.404000+00:00,CUSTOM,1774951259404
1,865.7,1601,epc,e28069950000400f97d37e52,-60,-15.260475158691406,1,2026-03-31T10:00:59.414000+00:00,CUSTOM,1774951259414
1,865.7,1602,epc,e28069950000400f97d57e51,-64,-33.58073806762695,1,2026-03-31T10:00:59.435000+00:00,CUSTOM,1774951259435
1,865.7,1603,epc,e28069950000400f97d30a51,-59,-158.7023468017578,1,2026-03-31T10:00:59.445000+00:00,CUSTOM,1774951259445
2,865.7,1604,epc,e28069950000400f97d6e252,-67,-79.3182144165039,1,2026-03-31T10:00:59.445000+00:00,CUSTOM,1774951259445
2,865.7,1605,epc,e2801191a5030069565f3110,-67,92.8263168334961,1,2026-03-31T10:00:59.466000+00:00,CUSTOM,1774951259466
2,865.7,1606,epc,e28011b0a5050077ab372d47,-67,-119.2382583618164,1,2026-03-31T10:00:59.476000+00:00,CUSTOM,1774951259476
2,865.7,1607,epc,e28011c1a5000062f794a5dc,-69,-85.70696258544922,1,2026-03-31T10:00:59.486000+00:00,CUSTOM,1774951259486
2,865.7,1608,epc,e28011c1a5000062f794a5ec,-67,113.98114013671875,1,2026-03-31T10:00:59.486000+00:00,CUSTOM,1774951259486
2,865.7,1609,epc,e28069950000400f97d52e52,-66,-142.6453399658203,1,2026-03-31T10:00:59.516000+00:00,CUSTOM,1774951259516
2,865.7,1610,epc,e28069950000400f97d3fa52,-67,-71.2814712524414,1,2026-03-31T10:00:59.516000+00:00,CUSTOM,1774951259516
2,865.7,1611,epc,e28069950000500f97d6fa53,-67,-150.91281127929688,1,2026-03-31T10:00:59.527000+00:00,CUSTOM,1774951259527
2,865.7,1612,epc,e28011b0a5050077ab3981a9,-71,-88.37122344970703,1,2026-03-31T10:00:59.537000+00:00,CUSTOM,1774951259537
2,865.7,1613,epc,e2801191a5030069565f3190,-66,23.874019622802734,1,2026-03-31T10:00:59.537000+00:00,CUSTOM,1774951259537
2,865.7,1614,epc,e28011b0a5050077ab398289,-65,164.17919921875,1,2026-03-31T10:00:59.547000+00:00,CUSTOM,1774951259547
2,865.7,1615,epc,e28069950000500f97d7a244,-65,-17.254554748535156,1,2026-03-31T10:00:59.567000+00:00,CUSTOM,1774951259567
2,865.7,1616,epc,e28011c1a5000062f7954d2c,-68,107.05404663085938,1,2026-03-31T10:00:59.567000+00:00,CUSTOM,1774951259567
2,865.7,1617,epc,303800000444a10000000008,-60,86.33319854736328,1,2026-03-31T10:00:59.577000+00:00,CUSTOM,1774951259577
2,865.7,1618,epc,e28011b0a5050077ab3a2d16,-62,-68.8204574584961,1,2026-03-31T10:00:59.588000+00:00,CUSTOM,1774951259588
3,865.7,1619,epc,e28011b0a5050077ab39ce69,-53,119.08993530273438,1,2026-03-31T10:00:59.608000+00:00,CUSTOM,1774951259608
3,865.7,1620,epc,e28069950000500f97d30251,-56,148.85281372070312,1,2026-03-31T10:00:59.608000+00:00,CUSTOM,1774951259608
3,865.7,1621,epc,e28069950000400f97d6b251,-57,105.49394226074219,1,2026-03-31T10:00:59.618000+00:00,CUSTOM,1774951259618
3,865.7,1622,epc,e28011b0a5050077ab39a8b9,-58,-140.228271484375,1,2026-03-31T10:00:59.628000+00:00,CUSTOM,1774951259628
3,865.7,1623,epc,e28069950000500f97d8b243,-62,87.83287811279297,1,2026-03-31T10:00:59.638000+00:00,CUSTOM,1774951259638
3,865.7,1624,epc,e28011b0a5050077ab398299,-30,133.19131469726562,1,2026-03-31T10:00:59.649000+00:00,CUSTOM,1774951259649
3,865.7,1625,epc,e28069950000500f97d32250,-62,-71.70446014404297,1,2026-03-31T10:00:59.649000+00:00,CUSTOM,1774951259649
3,865.7,1626,epc,e28011b0a5050077ab39ced9,-60,113.27249908447266,1,2026-03-31T10:00:59.659000+00:00,CUSTOM,1774951259659
3,865.7,1627,epc,e28069950000500f97d1de52,-59,-145.7325897216797,1,2026-03-31T10:00:59.659000+00:00,CUSTOM,1774951259659
3,865.7,1628,epc,e28069950000500f97d4de51,-57,131.04342651367188,1,2026-03-31T10:00:59.689000+00:00,CUSTOM,1774951259689
3,865.7,1629,epc,e28069950000400f97d67e52,-56,-114.06903076171875,1,2026-03-31T10:00:59.699000+00:00,CUSTOM,1774951259699
3,865.7,1630,epc,e28069950000500f97d23e50,-62,-107.3177261352539,1,2026-03-31T10:00:59.709000+00:00,CUSTOM,1774951259709
3,865.7,1631,epc,e28069950000400f97d54251,-57,-97.55607604980469,1,2026-03-31T10:00:59.720000+00:00,CUSTOM,1774951259720
3,865.7,1632,epc,303800000111c10000000012,-58,128.89553833007812,1,2026-03-31T10:00:59.720000+00:00,CUSTOM,1774951259720
3,865.7,1633,epc,e28069950000400f97d65a51,-62,104.59852600097656,1,2026-03-31T10:00:59.730000+00:00,CUSTOM,1774951259730
3,865.7,1634,epc,e28069950000400f97d2f644,-61,71.05624389648438,1,2026-03-31T10:00:59.730000+00:00,CUSTOM,1774951259730
3,865.7,1635,epc,e28011b0a5050077ab39a859,-45,20.358287811279297,1,2026-03-31T10:00:59.741000+00:00,CUSTOM,1774951259741
4,865.7,1636,epc,e28011b0a5050077ab3821cc,-59,-162.4433135986328,1,2026-03-31T10:00:59.834000+00:00,CUSTOM,1774951259834
4,865.7,1637,epc,303800000aaa900000000015,-58,-2.450026035308838,1,2026-03-31T10:00:59.875000+00:00,CUSTOM,1774951259875
1,865.7,1638,epc,e28069950000400f97d6ba55,-58,-132.48268127441406,1,2026-03-31T10:00:59.906000+00:00,CUSTOM,1774951259906
1,865.7,1639,epc,e28069950000400f97d38650,-64,101.26407623291016,1,2026-03-31T10:00:59.916000+00:00,CUSTOM,1774951259916
1,865.7,1640,epc,e28069950000500f97d6fa55,-57,39.55747985839844,1,2026-03-31T10:00:59.926000+00:00,CUSTOM,1774951259926
1,865.7,1641,epc,e28069950000500f97d6ae52,-58,158.15301513671875,1,2026-03-31T10:00:59.926000+00:00,CUSTOM,1774951259926
1,865.7,1642,epc,e28069950000500f97d83a52,-54,105.81255340576172,1,2026-03-31T10:00:59.936000+00:00,CUSTOM,1774951259936
2,865.7,1643,epc,e28069950000500f97d6ae52,-65,-162.03131103515625,1,2026-03-31T10:00:59.977000+00:00,CUSTOM,1774951259977
2,865.7,1644,epc,e28069950000500f97d8aa52,-72,43.44126892089844,1,2026-03-31T10:00:59.977000+00:00,CUSTOM,1774951259977
2,865.7,1645,epc,e28011c1a50000703f052e88,-69,-46.149478912353516,1,2026-03-31T10:00:59.997000+00:00,CUSTOM,1774951259997
2,865.7,1646,epc,e28069950000500f97d3ae52,-67,-158.99899291992188,1,2026-03-31T10:00:59.997000+00:00,CUSTOM,1774951259997
3,865.7,1647,epc,303800000aaa800000000001,-54,146.3039093017578,1,2026-03-31T10:01:00.027000+00:00,CUSTOM,1774951260027
3,865.7,1648,epc,e28069950000400f97d6b251,-56,130.3512725830078,1,2026-03-31T10:01:00.048000+00:00,CUSTOM,1774951260048
4,865.7,1649,epc,303800000aaa900000000015,-58,1.197546362876892,1,2026-03-31T10:01:00.089000+00:00,CUSTOM,1774951260089
4,865.7,1650,epc,e28011b0a5050077ab398299,-56,-7.476424217224121,1,2026-03-31T10:01:00.089000+00:00,CUSTOM,1774951260089
4,865.7,1651,epc,e28011b0a5050077ab397ab9,-61,-18.572954177856445,1,2026-03-31T10:01:00.099000+00:00,CUSTOM,1774951260099
4,865.7,1652,epc,e28069950000500f97d4de51,-59,20.731834411621094,1,2026-03-31T10:01:00.109000+00:00,CUSTOM,1774951260109
1,865.7,1653,epc,e28069950000500f97d29250,-60,-106.12567138671875,1,2026-03-31T10:01:00.120000+00:00,CUSTOM,1774951260120
1,865.7,1654,epc,e28069950000500f97d80e53,-62,79.89501953125,1,2026-03-31T10:01:00.181000+00:00,CUSTOM,1774951260181
1,865.7,1655,epc,e28069950000500f97d83a51,-61,82.12530517578125,1,2026-03-31T10:01:00.192000+00:00,CUSTOM,1774951260192
1,865.7,1656,epc,e28011c1a5000062f793cd5c,-67,-76.29688262939453,1,2026-03-31T10:01:00.192000+00:00,CUSTOM,1774951260192
1,865.7,1657,epc,e28069950000500f97d85e44,-58,-126.11590576171875,1,2026-03-31T10:01:00.201000+00:00,CUSTOM,1774951260201
1,865.7,1658,epc,e28069950000400f97d42253,-64,170.4306182861328,1,2026-03-31T10:01:00.212000+00:00,CUSTOM,1774951260212
1,865.7,1659,epc,e28011b0a5050077ab397ac9,-47,117.27713775634766,1,2026-03-31T10:01:00.222000+00:00,CUSTOM,1774951260222
1,865.7,1660,epc,e28069950000500f97d30e51,-60,163.75071716308594,1,2026-03-31T10:01:00.222000+00:00,CUSTOM,1774951260222
1,865.7,1661,epc,e28069950000400f97d83e52,-61,-113.15164947509766,1,2026-03-31T10:01:00.232000+00:00,CUSTOM,1774951260232
1,865.7,1662,epc,e28069950000400f97d69250,-60,-60.84414291381836,1,2026-03-31T10:01:00.242000+00:00,CUSTOM,1774951260242
1,865.7,1663,epc,e28011b0a5050077ab398229,-48,-45.259559631347656,1,2026-03-31T10:01:00.262000+00:00,CUSTOM,1774951260262
2,865.7,1664,epc,e28011c1a5000062f794a53c,-65,113.99761962890625,1,2026-03-31T10:01:00.273000+00:00,CUSTOM,1774951260273
2,865.7,1665,epc,e28011c1a5000062f794a52c,-67,-90.67842864990234,1,2026-03-31T10:01:00.283000+00:00,CUSTOM,1774951260283
2,865.7,1666,epc,e28069950000400f97d6b644,-73,66.65608978271484,1,2026-03-31T10:01:00.283000+00:00,CUSTOM,1774951260283
2,865.7,1667,epc,e28011b0a5050077ab39c776,-65,20.86367416381836,1,2026-03-31T10:01:00.293000+00:00,CUSTOM,1774951260293
2,865.7,1668,epc,e2801191a5030069565f31c0,-63,176.64906311035156,1,2026-03-31T10:01:00.303000+00:00,CUSTOM,1774951260303
2,865.7,1669,epc,e2801191a5030069565f76e0,-72,12.140262603759766,1,2026-03-31T10:01:00.313000+00:00,CUSTOM,1774951260313
2,865.7,1670,epc,303800000666e10000000055,-57,79.61485290527344,1,2026-03-31T10:01:00.324000+00:00,CUSTOM,1774951260324
2,865.7,1671,epc,303800000222a00000000015,-59,121.61686706542969,1,2026-03-31T10:01:00.324000+00:00,CUSTOM,1774951260324
2,865.7,1672,epc,e28011b0a5050077ab3981d9,-73,49.32462692260742,1,2026-03-31T10:01:00.334000+00:00,CUSTOM,1774951260334
2,865.7,1673,epc,ad721205147be5bc5f000020,-72,64.063232421875,1,2026-03-31T10:01:00.344000+00:00,CUSTOM,1774951260344
2,865.7,1674,epc,e28011b0a5050077ab391306,-71,55.48814392089844,1,2026-03-31T10:01:00.344000+00:00,CUSTOM,1774951260344
2,865.7,1675,epc,e28011b0a5050077ab3981b9,-71,98.39656066894531,1,2026-03-31T10:01:00.354000+00:00,CUSTOM,1774951260354
2,865.7,1676,epc,e28069950000500f97d29e55,-71,-104.7853012084961,1,2026-03-31T10:01:00.354000+00:00,CUSTOM,1774951260354
2,865.7,1677,epc,303800000666a0000000001a,-65,-100.7806625366211,1,2026-03-31T10:01:00.365000+00:00,CUSTOM,1774951260365
2,865.7,1678,epc,e28011b0a5050077ab38217c,-72,172.1610107421875,1,2026-03-31T10:01:00.365000+00:00,CUSTOM,1774951260365
2,865.7,1679,epc,e28011c1a5000062f793d1ec,-71,-81.94403076171875,1,2026-03-31T10:01:00.375000+00:00,CUSTOM,1774951260375
2,865.7,1680,epc,e28011c1a50000703f0412d8,-72,-127.50572204589844,1,2026-03-31T10:01:00.385000+00:00,CUSTOM,1774951260385
2,865.7,1681,epc,e28069950000400f97d2aa53,-71,166.10736083984375,1,2026-03-31T10:01:00.385000+00:00,CUSTOM,1774951260385
2,865.7,1682,epc,e2801191a5030069565f3180,-73,57.68547439575195,1,2026-03-31T10:01:00.395000+00:00,CUSTOM,1774951260395
2,865.7,1683,epc,e82011122223333444450011,-68,-110.28961944580078,1,2026-03-31T10:01:00.395000+00:00,CUSTOM,1774951260395
2,865.7,1684,epc,e28011c1a5000062f79421bc,-71,86.06951904296875,1,2026-03-31T10:01:00.405000+00:00,CUSTOM,1774951260405
2,865.7,1685,epc,e28011b0a5050077ab3913b4,-70,50.58809280395508,1,2026-03-31T10:01:00.415000+00:00,CUSTOM,1774951260415
3,865.7,1686,epc,e28069950000500f97d78e54,-62,92.7439193725586,1,2026-03-31T10:01:00.425000+00:00,CUSTOM,1774951260425
3,865.7,1687,epc,303800000222a0000000001a,-56,-104.7358627319336,1,2026-03-31T10:01:00.446000+00:00,CUSTOM,1774951260446
3,865.7,1688,epc,303800000222a00000000023,-53,166.99728393554688,1,2026-03-31T10:01:00.466000+00:00,CUSTOM,1774951260466
3,865.7,1689,epc,e28011c1a5000062f793c97c,-61,119.69969940185547,1,2026-03-31T10:01:00.507000+00:00,CUSTOM,1774951260507
3,865.7,1690,epc,303800000aaa900000000019,-57,94.91378784179688,1,2026-03-31T10:01:00.548000+00:00,CUSTOM,1774951260548
3,865.7,1691,epc,e28011b0a5050077ab39ce09,-50,112.99234008789062,1,2026-03-31T10:01:00.558000+00:00,CUSTOM,1774951260558
4,865.7,1692,epc,e28011b0a5050077ab397ab9,-58,-24.66506004333496,1,2026-03-31T10:01:00.620000+00:00,CUSTOM,1774951260620
4,865.7,1693,epc,e28011b0a5050077ab3821dc,-58,175.70420837402344,1,2026-03-31T10:01:00.640000+00:00,CUSTOM,1774951260640
4,865.7,1694,epc,303800000444a10000000016,-62,-142.13995361328125,1,2026-03-31T10:01:00.650000+00:00,CUSTOM,1774951260650
4,865.7,1695,epc,e28069950000400f97d63a43,-62,-6.591998100280762,1,2026-03-31T10:01:00.660000+00:00,CUSTOM,1774951260660
1,865.7,1696,epc,e28011c1a50000703efcc6ec,-62,-55.9715576171875,1,2026-03-31T10:01:00.732000+00:00,CUSTOM,1774951260732
1,865.7,1697,epc,e28069950000500f97d54651,-59,-137.6903533935547,1,2026-03-31T10:01:00.732000+00:00,CUSTOM,1774951260732
1,865.7,1698,epc,e28069950000500f97d3ee53,-60,107.1474380493164,1,2026-03-31T10:01:00.742000+00:00,CUSTOM,1774951260742
1,865.7,1699,epc,e28069950000500f97d85e44,-58,-129.4833221435547,1,2026-03-31T10:01:00.753000+00:00,CUSTOM,1774951260753
1,865.7,1700,epc,e28069950000400f97d7aa44,-61,-109.55900573730469,1,2026-03-31T10:01:00.763000+00:00,CUSTOM,1774951260763
1,865.7,1701,epc,e28069950000400f97d37e52,-58,-36.44276428222656,1,2026-03-31T10:01:00.773000+00:00,CUSTOM,1774951260773
2,865.7,1702,epc,e28069950000500f97d6fa55,-70,-167.40928649902344,1,2026-03-31T10:01:00.793000+00:00,CUSTOM,1774951260793
2,865.7,1703,epc,e28011b0a5050077ab397ac9,-66,-95.73778533935547,1,2026-03-31T10:01:00.793000+00:00,CUSTOM,1774951260793
2,865.7,1704,epc,303800000222a00000000015,-61,120.46876525878906,1,2026-03-31T10:01:00.794000+00:00,CUSTOM,1774951260794
2,865.7,1705,epc,e28011c1a5000062f794a5dc,-70,-86.99789428710938,1,2026-03-31T10:01:00.804000+00:00,CUSTOM,1774951260804
2,865.7,1706,epc,e28069950000500f97d83a52,-65,-170.7162628173828,1,2026-03-31T10:01:00.814000+00:00,CUSTOM,1774951260814
2,865.7,1707,epc,e28069950000500f97d30251,-67,163.838623046875,1,2026-03-31T10:01:00.814000+00:00,CUSTOM,1774951260814
2,865.7,1708,epc,e28069950000500f97d6ae52,-65,-154.10443115234375,1,2026-03-31T10:01:00.825000+00:00,CUSTOM,1774951260825
2,865.7,1709,epc,e28011b0a5050077ab36c7a4,-71,46.31428146362305,1,2026-03-31T10:01:00.825000+00:00,CUSTOM,1774951260825
3,865.7,1710,epc,e28011b0a5050077ab397ab9,-30,20.061647415161133,1,2026-03-31T10:01:00.835000+00:00,CUSTOM,1774951260835
3,865.7,1711,epc,303800000666e10000000055,-56,-9.432050704956055,1,2026-03-31T10:01:00.855000+00:00,CUSTOM,1774951260855
3,865.7,1712,epc,e28069950000500f97d3ae52,-54,117.35953521728516,1,2026-03-31T10:01:00.856000+00:00,CUSTOM,1774951260856
3,865.7,1713,epc,e28069950000500f97d2ca51,-57,-20.726341247558594,1,2026-03-31T10:01:00.856000+00:00,CUSTOM,1774951260856
3,865.7,1714,epc,303800000aaa900000000015,-53,160.88320922851562,1,2026-03-31T10:01:00.865000+00:00,CUSTOM,1774951260865
3,865.7,1715,epc,e28069950000500f97d83a52,-56,82.53181457519531,1,2026-03-31T10:01:00.876000+00:00,CUSTOM,1774951260876
3,865.7,1716,epc,e28011b0a5050077ab3a2d16,-62,80.98818969726562,1,2026-03-31T10:01:00.876000+00:00,CUSTOM,1774951260876
1,865.7,1717,epc,ad721205448765b45f00002b,-65,-86.94296264648438,1,2026-03-31T10:01:00.957000+00:00,CUSTOM,1774951260957
1,865.7,1718,epc,e28069950000400f97d86252,-59,31.77892303466797,1,2026-03-31T10:01:00.967000+00:00,CUSTOM,1774951260967
1,865.7,1719,epc,e28069950000500f97d54651,-61,-136.99270629882812,1,2026-03-31T10:01:00.977000+00:00,CUSTOM,1774951260977
1,865.7,1720,epc,e28011b0a5050077ab398299,-43,-49.18729019165039,1,2026-03-31T10:01:00.977000+00:00,CUSTOM,1774951260977
1,865.7,1721,epc,e28011b0a5050077ab398289,-43,40.167240142822266,1,2026-03-31T10:01:00.987000+00:00,CUSTOM,1774951260987
1,865.7,1722,epc,e28069950000400f97d2ba51,-61,-54.88936996459961,1,2026-03-31T10:01:00.988000+00:00,CUSTOM,1774951260988
1,865.7,1723,epc,e28069950000400f97d86251,-59,-126.46748352050781,1,2026-03-31T10:01:00.988000+00:00,CUSTOM,1774951260988
1,865.7,1724,epc,e28011c1a50000703f052e88,-63,-71.1331558227539,1,2026-03-31T10:01:00.997000+00:00,CUSTOM,1774951260997
1,865.7,1725,epc,e28069950000400f97d81e55,-61,116.7058334350586,1,2026-03-31T10:01:00.998000+00:00,CUSTOM,1774951260998
1,865.7,1726,epc,e28069950000400f97d6ba55,-59,-132.66944885253906,1,2026-03-31T10:01:01.008000+00:00,CUSTOM,1774951261008
1,865.7,1727,epc,e28011b0a5050077ab39a8a9,-37,51.31870651245117,1,2026-03-31T10:01:01.008000+00:00,CUSTOM,1774951261008
1,865.7,1728,epc,e28069950000500f97d76651,-57,-49.75310516357422,1,2026-03-31T10:01:01.018000+00:00,CUSTOM,1774951261018
1,865.7,1729,epc,e28069950000500f97d3e250,-66,-84.43251037597656,1,2026-03-31T10:01:01.038000+00:00,CUSTOM,1774951261038
1,865.7,1730,epc,e28011b0a5050077ab398239,-44,8.119144439697266,1,2026-03-31T10:01:01.049000+00:00,CUSTOM,1774951261049
1,865.7,1731,epc,e28069950000500f97d6ae52,-57,164.59669494628906,1,2026-03-31T10:01:01.059000+00:00,CUSTOM,1774951261059
1,865.7,1732,epc,303800000111b10000000010,-58,-47.48985290527344,1,2026-03-31T10:01:01.079000+00:00,CUSTOM,1774951261079
1,865.7,1733,epc,e28069950000500f97d6fa55,-58,-138.2946319580078,1,2026-03-31T10:01:01.079000+00:00,CUSTOM,1774951261079
2,865.7,1734,epc,e28011c1a5000062f794a5dc,-69,-90.63448333740234,1,2026-03-31T10:01:01.099000+00:00,CUSTOM,1774951261099
2,865.7,1735,epc,e28011b0a5050077ab372df7,-69,-106.59809875488281,1,2026-03-31T10:01:01.099000+00:00,CUSTOM,1774951261099
2,865.7,1736,epc,e2806890000000001829a9f8,-65,-152.2476806640625,1,2026-03-31T10:01:01.109000+00:00,CUSTOM,1774951261109
2,865.7,1737,epc,e28011b0a5050077ab3a2d16,-64,-53.57097244262695,1,2026-03-31T10:01:01.119000+00:00,CUSTOM,1774951261119
2,865.7,1738,epc,e28011b0a5050077ab3a2d36,-66,-118.02972412109375,1,2026-03-31T10:01:01.120000+00:00,CUSTOM,1774951261120
2,865.7,1739,epc,e28011b0a5050077ab3821cc,-68,156.071044921875,1,2026-03-31T10:01:01.150000+00:00,CUSTOM,1774951261150
2,865.7,1740,epc,e28011b0a5050077ab38210c,-72,29.55412483215332,1,2026-03-31T10:01:01.170000+00:00,CUSTOM,1774951261170
2,865.7,1741,epc,e28011c1a5000062f794a5ec,-67,107.51548767089844,1,2026-03-31T10:01:01.180000+00:00,CUSTOM,1774951261180
2,865.7,1742,epc,e28011b0a5050077ab372d47,-68,-119.69969940185547,1,2026-03-31T10:01:01.181000+00:00,CUSTOM,1774951261181
2,865.7,1743,epc,e2801191a5030069565f3190,-64,46.709800720214844,1,2026-03-31T10:01:01.191000+00:00,CUSTOM,1774951261191
2,865.7,1744,epc,e28011b0a5050077ab36c707,-66,7.4214911460876465,1,2026-03-31T10:01:01.211000+00:00,CUSTOM,1774951261211
2,865.7,1745,epc,e2801191a5030069565f2c00,-69,18.825647354125977,1,2026-03-31T10:01:01.221000+00:00,CUSTOM,1774951261221
3,865.7,1746,epc,e28069950000500f97d42252,-60,-122.29254913330078,1,2026-03-31T10:01:01.242000+00:00,CUSTOM,1774951261242
3,865.7,1747,epc,e28011b0a5050077ab3982e9,-55,60.19593048095703,1,2026-03-31T10:01:01.293000+00:00,CUSTOM,1774951261293
3,865.7,1748,epc,303800000aaa800000000001,-54,147.12240600585938,1,2026-03-31T10:01:01.314000+00:00,CUSTOM,1774951261314
3,865.7,1749,epc,e28011b0a5050077ab39ce69,-53,121.35868072509766,1,2026-03-31T10:01:01.324000+00:00,CUSTOM,1774951261324
3,865.7,1750,epc,e28011b0a5050077ab39cec9,-44,158.7517852783203,1,2026-03-31T10:01:01.324000+00:00,CUSTOM,1774951261324
3,865.7,1751,epc,303800000222a00000000027,-49,-109.04263305664062,1,2026-03-31T10:01:01.344000+00:00,CUSTOM,1774951261344
3,865.7,1752,epc,303800000222a0000000001c,-54,48.58302688598633,1,2026-03-31T10:01:01.355000+00:00,CUSTOM,1774951261355
3,865.7,1753,epc,e28011b0a5050077ab39a859,-46,33.190711975097656,1,2026-03-31T10:01:01.365000+00:00,CUSTOM,1774951261365
3,865.7,1754,epc,e28011b0a5050077ab3982f9,-36,113.66802215576172,1,2026-03-31T10:01:01.375000+00:00,CUSTOM,1774951261375
4,865.7,1755,epc,e28011b0a5050077ab3821cc,-60,-163.970458984375,1,2026-03-31T10:01:01.446000+00:00,CUSTOM,1774951261446
4,865.7,1756,epc,e28011b0a5050077ab3a2d11,-66,-25.59343147277832,1,2026-03-31T10:01:01.529000+00:00,CUSTOM,1774951261529
1,865.7,1757,epc,e28069950000500f97d3ee53,-62,129.09329223632812,1,2026-03-31T10:01:01.559000+00:00,CUSTOM,1774951261559
1,865.7,1758,epc,e28011b0a5050077ab397ac9,-47,124.31958770751953,1,2026-03-31T10:01:01.569000+00:00,CUSTOM,1774951261569
1,865.7,1759,epc,e28069950000500f97d6fa55,-58,-138.5473175048828,1,2026-03-31T10:01:01.579000+00:00,CUSTOM,1774951261579
1,865.7,1760,epc,e28069950000500f97d4de51,-59,45.07278823852539,1,2026-03-31T10:01:01.580000+00:00,CUSTOM,1774951261580
2,865.7,1761,epc,e28069950000500f97d83a52,-66,-164.40443420410156,1,2026-03-31T10:01:01.620000+00:00,CUSTOM,1774951261620
3,865.7,1762,epc,303800000666a0000000001a,-56,-95.85863494873047,1,2026-03-31T10:01:01.681000+00:00,CUSTOM,1774951261681
3,865.7,1763,epc,e28011b0a5050077ab39ce69,-54,120.28199005126953,1,2026-03-31T10:01:01.682000+00:00,CUSTOM,1774951261682
4,865.7,1764,epc,e28069950000400f97d6b251,-60,175.52293395996094,1,2026-03-31T10:01:01.702000+00:00,CUSTOM,1774951261702
4,865.7,1765,epc,ad721205147bd9ba6200001e,-65,-1.807306170463562,1,2026-03-31T10:01:01.743000+00:00,CUSTOM,1774951261743
1,865.7,1766,epc,e28011b0a5050077ab397ab9,-44,-80.14221954345703,1,2026-03-31T10:01:01.764000+00:00,CUSTOM,1774951261764
1,865.7,1767,epc,e28069950000500f97d58e55,-64,69.85320281982422,1,2026-03-31T10:01:01.774000+00:00,CUSTOM,1774951261774
1,865.7,1768,epc,e28069950000400f97d59e53,-61,-126.48396301269531,1,2026-03-31T10:01:01.784000+00:00,CUSTOM,1774951261784
1,865.7,1769,epc,e28069950000500f97d8964f,-61,54.81795883178711,1,2026-03-31T10:01:01.794000+00:00,CUSTOM,1774951261794
1,865.7,1770,epc,e28069950000500f97d62255,-62,157.6036834716797,1,2026-03-31T10:01:01.795000+00:00,CUSTOM,1774951261795
1,865.7,1771,epc,e28011b0a5050077ab397ac9,-47,123.85265350341797,1,2026-03-31T10:01:01.805000+00:00,CUSTOM,1774951261805
1,865.7,1772,epc,e28069950000500f97d83a52,-54,105.23575592041016,1,2026-03-31T10:01:01.815000+00:00,CUSTOM,1774951261815
1,865.7,1773,epc,e28069950000500f97d2ca51,-57,-111.86071014404297,1,2026-03-31T10:01:01.826000+00:00,CUSTOM,1774951261826
1,865.7,1774,epc,e28069950000500f97d2f250,-63,141.7224578857422,1,2026-03-31T10:01:01.836000+00:00,CUSTOM,1774951261836
1,865.7,1775,epc,303800000666e10000000055,-61,172.78726196289062,1,2026-03-31T10:01:01.846000+00:00,CUSTOM,1774951261846
1,865.7,1776,epc,e28069950000500f97d3ae52,-56,148.40785217285156,1,2026-03-31T10:01:01.846000+00:00,CUSTOM,1774951261846
1,865.7,1777,epc,e28069950000500f97d7a244,-59,-118.32636260986328,1,2026-03-31T10:01:01.866000+00:00,CUSTOM,1774951261866
1,865.7,1778,epc,e28011b0a5050077ab398229,-47,-63.283180236816406,1,2026-03-31T10:01:01.876000+00:00,CUSTOM,1774951261876
1,865.7,1779,epc,e28069950000400f97d30a51,-59,-160.69093322753906,1,2026-03-31T10:01:01.886000+00:00,CUSTOM,1774951261886
2,865.7,1780,epc,e28011b0a5050077ab3a9356,-72,133.19680786132812,1,2026-03-31T10:01:01.917000+00:00,CUSTOM,1774951261917
2,865.7,1781,epc,3030ccaaaccc454348535210,-69,-162.86630249023438,1,2026-03-31T10:01:01.917000+00:00,CUSTOM,1774951261917
2,865.7,1782,epc,e28011c1a5000062f79421ac,-71,-96.35852813720703,1,2026-03-31T10:01:01.917000+00:00,CUSTOM,1774951261917
2,865.7,1783,epc,e28069950000400f97d8ae51,-70,-50.53865051269531,1,2026-03-31T10:01:01.947000+00:00,CUSTOM,1774951261947
2,865.7,1784,epc,e28069950000400f97d52e52,-67,-141.14566040039062,1,2026-03-31T10:01:01.948000+00:00,CUSTOM,1774951261948
2,865.7,1785,epc,e28011c1a5000062f795291c,-69,121.73223114013672,1,2026-03-31T10:01:01.958000+00:00,CUSTOM,1774951261958
2,865.7,1786,epc,e28069950000400f97d4fe52,-72,160.52613830566406,1,2026-03-31T10:01:01.968000+00:00,CUSTOM,1774951261968
2,865.7,1787,epc,e2801191a5030069565f31c0,-63,178.6870880126953,1,2026-03-31T10:01:01.968000+00:00,CUSTOM,1774951261968
2,865.7,1788,epc,e28011b0a5050077ab39c776,-66,-5.257118225097656,1,2026-03-31T10:01:01.988000+00:00,CUSTOM,1774951261988
2,865.7,1789,epc,e28011c1a5000062f794a52c,-68,-85.08621215820312,1,2026-03-31T10:01:01.989000+00:00,CUSTOM,1774951261989
2,865.7,1790,epc,e28011c1a50000703f052ed8,-71,167.25547790527344,1,2026-03-31T10:01:01.999000+00:00,CUSTOM,1774951261999
2,865.7,1791,epc,303800000444a10000000008,-60,85.65752410888672,1,2026-03-31T10:01:02.019000+00:00,CUSTOM,1774951262019
2,865.7,1792,epc,303800000aaa900000000015,-62,81.05410766601562,1,2026-03-31T10:01:02.029000+00:00,CUSTOM,1774951262029
2,865.7,1793,epc,e2801191a5030069565f3110,-67,94.29303741455078,1,2026-03-31T10:01:02.039000+00:00,CUSTOM,1774951262039
3,865.7,1794,epc,e28011b0a5050077ab39ce09,-50,110.21271514892578,1,2026-03-31T10:01:02.060000+00:00,CUSTOM,1774951262060
3,865.7,1795,epc,e28069950000400f97d37e52,-56,-61.75603485107422,1,2026-03-31T10:01:02.070000+00:00,CUSTOM,1774951262070
3,865.7,1796,epc,e28069950000500f97d57a52,-60,92.89224243164062,1,2026-03-31T10:01:02.090000+00:00,CUSTOM,1774951262090
3,865.7,1797,epc,e28069950000400f97d29650,-64,-81.99896240234375,1,2026-03-31T10:01:02.090000+00:00,CUSTOM,1774951262090
3,865.7,1798,epc,303800000222a0000000001a,-57,-105.21927642822266,1,2026-03-31T10:01:02.111000+00:00,CUSTOM,1774951262111
3,865.7,1799,epc,e28069950000400f97d80a44,-63,87.915283203125,1,2026-03-31T10:01:02.121000+00:00,CUSTOM,1774951262121
3,865.7,1800,epc,e28069950000400f97d3fa52,-62,107.52647399902344,1,2026-03-31T10:01:02.121000+00:00,CUSTOM,1774951262121
3,865.7,1801,epc,e28011b0a5050077ab3b0849,-54,-76.13208770751953,1,2026-03-31T10:01:02.131000+00:00,CUSTOM,1774951262131
3,865.7,1802,epc,e28069950000400f97d6b251,-57,108.14722442626953,1,2026-03-31T10:01:02.162000+00:00,CUSTOM,1774951262162
3,865.7,1803,epc,e28011b0a5050077ab3913a1,-61,63.79405975341797,1,2026-03-31T10:01:02.171000+00:00,CUSTOM,1774951262171
3,865.7,1804,epc,e28011c1a5000062f793c97c,-60,133.09243774414062,1,2026-03-31T10:01:02.172000+00:00,CUSTOM,1774951262172
3,865.7,1805,epc,303800000666a0000000001a,-57,-101.68157196044922,1,2026-03-31T10:01:02.172000+00:00,CUSTOM,1774951262172
3,865.7,1806,epc,303800000111a1000000001d,-59,-132.87271118164062,1,2026-03-31T10:01:02.192000+00:00,CUSTOM,1774951262192
4,865.7,1807,epc,e28011b0a5050077ab3821dc,-62,174.91867065429688,1,2026-03-31T10:01:02.264000+00:00,CUSTOM,1774951262264
4,865.7,1808,epc,e28011b0a5050077ab398289,-60,-19.440900802612305,1,2026-03-31T10:01:02.274000+00:00,CUSTOM,1774951262274
4,865.7,1809,epc,e28011b0a5050077ab398299,-59,11.684316635131836,1,2026-03-31T10:01:02.294000+00:00,CUSTOM,1774951262294
1,865.7,1810,epc,e28069950000500f97d30251,-58,44.46852111816406,1,2026-03-31T10:01:02.346000+00:00,CUSTOM,1774951262346
1,865.7,1811,epc,e28069950000400f97d4b651,-61,-80.92227172851562,1,2026-03-31T10:01:02.346000+00:00,CUSTOM,1774951262346
1,865.7,1812,epc,e28069950000400f97d67e52,-57,-104.21949005126953,1,2026-03-31T10:01:02.356000+00:00,CUSTOM,1774951262356
1,865.7,1813,epc,e28069950000500f97d83a52,-54,107.11447143554688,1,2026-03-31T10:01:02.367000+00:00,CUSTOM,1774951262367
1,865.7,1814,epc,e28069950000500f97d6ae52,-57,166.03594970703125,1,2026-03-31T10:01:02.367000+00:00,CUSTOM,1774951262367
1,865.7,1815,epc,e28069950000500f97d4de51,-57,35.74510955810547,1,2026-03-31T10:01:02.377000+00:00,CUSTOM,1774951262377
1,865.7,1816,epc,e28011b0a5050077ab3982f9,-49,139.09115600585938,1,2026-03-31T10:01:02.377000+00:00,CUSTOM,1774951262377
2,865.7,1817,epc,e28011b0a5050077ab3a2d89,-72,79.71923065185547,1,2026-03-31T10:01:02.397000+00:00,CUSTOM,1774951262397
2,865.7,1818,epc,303800000444a10000000008,-60,85.92669677734375,1,2026-03-31T10:01:02.407000+00:00,CUSTOM,1774951262407
2,865.7,1819,epc,e28069950000500f97d7a244,-65,-3.0268256664276123,1,2026-03-31T10:01:02.418000+00:00,CUSTOM,1774951262418
2,865.7,1820,epc,e28011c1a5000062f7954d4c,-70,121.56193542480469,1,2026-03-31T10:01:02.428000+00:00,CUSTOM,1774951262428
3,865.7,1821,epc,e28069950000500f97d30251,-56,142.6673126220703,1,2026-03-31T10:01:02.460000+00:00,CUSTOM,1774951262460
3,865.7,1822,epc,e28069950000400f97d21651,-63,75.47288513183594,1,2026-03-31T10:01:02.481000+00:00,CUSTOM,1774951262481
3,865.7,1823,epc,e28011b0a5050077ab398239,-30,-160.46022033691406,1,2026-03-31T10:01:02.491000+00:00,CUSTOM,1774951262491
4,865.7,1824,epc,e28069950000500f97d4de51,-61,-161.12490844726562,1,2026-03-31T10:01:02.501000+00:00,CUSTOM,1774951262501
1,865.7,1825,epc,e28069950000500f97d6c653,-63,108.6306381225586,1,2026-03-31T10:01:02.553000+00:00,CUSTOM,1774951262553
1,865.7,1826,epc,e28069950000400f97d38650,-64,108.35047149658203,1,2026-03-31T10:01:02.584000+00:00,CUSTOM,1774951262584
1,865.7,1827,epc,e28069950000400f97d67e52,-57,-105.84551239013672,1,2026-03-31T10:01:02.584000+00:00,CUSTOM,1774951262584
1,865.7,1828,epc,e28069950000400f97d76254,-62,169.2935028076172,1,2026-03-31T10:01:02.594000+00:00,CUSTOM,1774951262594
1,865.7,1829,epc,e28069950000500f97d4de51,-56,39.39817428588867,1,2026-03-31T10:01:02.605000+00:00,CUSTOM,1774951262605
1,865.7,1830,epc,e28069950000400f97d2f644,-58,101.52226257324219,1,2026-03-31T10:01:02.605000+00:00,CUSTOM,1774951262605
1,865.7,1831,epc,e28011b0a5050077ab398239,-45,9.602343559265137,1,2026-03-31T10:01:02.625000+00:00,CUSTOM,1774951262625
1,865.7,1832,epc,e28011b0a5050077ab39a8a9,-37,54.65864944458008,1,2026-03-31T10:01:02.686000+00:00,CUSTOM,1774951262686
2,865.7,1833,epc,e28011b0a5050077ab3981a9,-71,-87.2450942993164,1,2026-03-31T10:01:02.706000+00:00,CUSTOM,1774951262706
2,865.7,1834,epc,e28011b0a5050077ab3959d4,-76,-95.83666229248047,1,2026-03-31T10:01:02.706000+00:00,CUSTOM,1774951262706
2,865.7,1835,epc,e28011c1a50000703f052e88,-69,-46.32526779174805,1,2026-03-31T10:01:02.717000+00:00,CUSTOM,1774951262717
2,865.7,1836,epc,e28069950000500f97d8aa52,-71,58.20734405517578,1,2026-03-31T10:01:02.726000+00:00,CUSTOM,1774951262726
2,865.7,1837,epc,e28011b0a5050077ab372d47,-68,-113.27799224853516,1,2026-03-31T10:01:02.737000+00:00,CUSTOM,1774951262737
2,865.7,1838,epc,e28069950000500f97d6fa53,-68,-166.14581298828125,1,2026-03-31T10:01:02.747000+00:00,CUSTOM,1774951262747
2,865.7,1839,epc,303800000222a00000000015,-61,119.83153533935547,1,2026-03-31T10:01:02.758000+00:00,CUSTOM,1774951262758
2,865.7,1840,epc,e28011b0a5050077ab372df7,-66,-73.41838073730469,1,2026-03-31T10:01:02.758000+00:00,CUSTOM,1774951262758
2,865.7,1841,epc,e2806890000000001829a9f8,-66,-147.48497009277344,1,2026-03-31T10:01:02.768000+00:00,CUSTOM,1774951262768
2,865.7,1842,epc,e28011c1a50000703f052ea8,-69,124.44044494628906,1,2026-03-31T10:01:02.778000+00:00,CUSTOM,1774951262778
2,865.7,1843,epc,ad721205147be5bc5f000020,-72,51.5713996887207,1,2026-03-31T10:01:02.789000+00:00,CUSTOM,1774951262789
2,865.7,1844,epc,e28011b0a5050077ab3a2d16,-64,-92.50770568847656,1,2026-03-31T10:01:02.799000+00:00,CUSTOM,1774951262799
2,865.7,1845,epc,e28011c1a5000062f794a53c,-66,110.71810150146484,1,2026-03-31T10:01:02.799000+00:00,CUSTOM,1774951262799
2,865.7,1846,epc,e2801191a5030069565f2c00,-69,18.831140518188477,1,2026-03-31T10:01:02.809000+00:00,CUSTOM,1774951262809
2,865.7,1847,epc,e28011c1a5000062f794a5ec,-66,101.14871978759766,1,2026-03-31T10:01:02.820000+00:00,CUSTOM,1774951262820
2,865.7,1848,epc,e28011b0a5050077ab3a2d36,-66,-113.87676239013672,1,2026-03-31T10:01:02.820000+00:00,CUSTOM,1774951262820
2,865.7,1849,epc,e28011b0a5050077ab36c707,-64,-14.650715827941895,1,2026-03-31T10:01:02.831000+00:00,CUSTOM,1774951262831
2,865.7,1850,epc,e28011b0a5050077ab36c7a4,-72,32.61940383911133,1,2026-03-31T10:01:02.841000+00:00,CUSTOM,1774951262841
2,865.7,1851,epc,e2801191a5030069565f3190,-65,26.66463279724121,1,2026-03-31T10:01:02.841000+00:00,CUSTOM,1774951262841
3,865.7,1852,epc,e28011b0a5050077ab39ce69,-53,118.95809936523438,1,2026-03-31T10:01:02.902000+00:00,CUSTOM,1774951262902
3,865.7,1853,epc,e28069950000500f97d30251,-57,169.82086181640625,1,2026-03-31T10:01:02.912000+00:00,CUSTOM,1774951262912
3,865.7,1854,epc,303800000111c10000000012,-57,132.09814453125,1,2026-03-31T10:01:02.912000+00:00,CUSTOM,1774951262912
3,865.7,1855,epc,e28011b0a5050077ab39a859,-45,19.347515106201172,1,2026-03-31T10:01:02.922000+00:00,CUSTOM,1774951262922
3,865.7,1856,epc,e28069950000400f97d83e52,-58,-112.31116485595703,1,2026-03-31T10:01:02.952000+00:00,CUSTOM,1774951262952
3,865.7,1857,epc,e28011b0a5050077ab397ab9,-30,20.056154251098633,1,2026-03-31T10:01:02.962000+00:00,CUSTOM,1774951262962
3,865.7,1858,epc,303800000222a00000000023,-53,167.36534118652344,1,2026-03-31T10:01:02.972000+00:00,CUSTOM,1774951262972
4,865.7,1859,epc,e28011b0a5050077ab3821cc,-58,-160.80081176757812,1,2026-03-31T10:01:03.023000+00:00,CUSTOM,1774951263023
1,866.3,1860,epc,e28011b0a5050077ab398299,-43,-34.82223129272461,1,2026-03-31T10:01:03.095000+00:00,CUSTOM,1774951263095
1,866.3,1861,epc,e28069950000500f97d7a244,-61,-103.9722900390625,1,2026-03-31T10:01:03.096000+00:00,CUSTOM,1774951263096
1,866.3,1862,epc,e28069950000500f97d1de52,-61,126.57734680175781,1,2026-03-31T10:01:03.126000+00:00,CUSTOM,1774951263126
2,866.3,1863,epc,e28069950000500f97d6ae52,-65,-155.38987731933594,1,2026-03-31T10:01:03.136000+00:00,CUSTOM,1774951263136
2,866.3,1864,epc,e28069950000500f97d85e44,-67,15.606554985046387,1,2026-03-31T10:01:03.146000+00:00,CUSTOM,1774951263146
2,866.3,1865,epc,e28069950000400f97d6e252,-68,-48.61049270629883,1,2026-03-31T10:01:03.166000+00:00,CUSTOM,1774951263166
2,866.3,1866,epc,e28069950000400f97d64e52,-73,-96.122314453125,1,2026-03-31T10:01:03.177000+00:00,CUSTOM,1774951263177
2,866.3,1867,epc,e28069950000500f97d83a52,-65,-140.107421875,1,2026-03-31T10:01:03.177000+00:00,CUSTOM,1774951263177
3,866.3,1868,epc,303800000111b10000000010,-59,123.07809448242188,1,2026-03-31T10:01:03.207000+00:00,CUSTOM,1774951263207
3,866.3,1869,epc,e28011b0a5050077ab39cec9,-45,171.46336364746094,1,2026-03-31T10:01:03.218000+00:00,CUSTOM,1774951263218
3,866.3,1870,epc,303800000111c10000000012,-58,156.99942016601562,1,2026-03-31T10:01:03.218000+00:00,CUSTOM,1774951263218
3,866.3,1871,epc,303800000111a1000000001d,-59,-115.2336196899414,1,2026-03-31T10:01:03.228000+00:00,CUSTOM,1774951263228
4,866.3,1872,epc,e28011b0a5050077ab398299,-58,6.795251369476318,1,2026-03-31T10:01:03.259000+00:00,CUSTOM,1774951263259
1,866.3,1873,epc,e28011c1a50000703f054ad8,-62,-53.939022064208984,1,2026-03-31T10:01:03.310000+00:00,CUSTOM,1774951263310
1,866.3,1874,epc,e28069950000400f97d33651,-60,-122.94625854492188,1,2026-03-31T10:01:03.341000+00:00,CUSTOM,1774951263341
1,866.3,1875,epc,e28069950000500f97d74a44,-59,-117.94183349609375,1,2026-03-31T10:01:03.341000+00:00,CUSTOM,1774951263341
1,866.3,1876,epc,e28069950000500f97d6ae52,-59,173.6002655029297,1,2026-03-31T10:01:03.372000+00:00,CUSTOM,1774951263372
1,866.3,1877,epc,303800000111b10000000010,-59,-28.66420555114746,1,2026-03-31T10:01:03.372000+00:00,CUSTOM,1774951263372
1,866.3,1878,epc,e28011b0a5050077ab3982f9,-49,156.2413330078125,1,2026-03-31T10:01:03.382000+00:00,CUSTOM,1774951263382
1,866.3,1879,epc,e28011b0a5050077ab397ac9,-47,136.90481567382812,1,2026-03-31T10:01:03.382000+00:00,CUSTOM,1774951263382
1,866.3,1880,epc,e28069950000400f97d7aa44,-59,-102.78023529052734,1,2026-03-31T10:01:03.393000+00:00,CUSTOM,1774951263393
1,866.3,1881,epc,e28069950000500f97d85e44,-56,-101.89581298828125,1,2026-03-31T10:01:03.414000+00:00,CUSTOM,1774951263414
1,866.3,1882,epc,e28069950000500f97d6fa55,-56,-119.9908447265625,1,2026-03-31T10:01:03.414000+00:00,CUSTOM,1774951263414
1,866.3,1883,epc,303800000222a00000000027,-58,-55.839717864990234,1,2026-03-31T10:01:03.414000+00:00,CUSTOM,1774951263414
2,866.3,1884,epc,e28011c1a5000062f7954d3c,-73,-67.9854736328125,1,2026-03-31T10:01:03.465000+00:00,CUSTOM,1774951263465
2,866.3,1885,epc,e28069950000400f97d7b652,-73,-139.20101928710938,1,2026-03-31T10:01:03.466000+00:00,CUSTOM,1774951263466
2,866.3,1886,epc,e28069950000400f97d69250,-70,-47.47886657714844,1,2026-03-31T10:01:03.476000+00:00,CUSTOM,1774951263476
2,866.3,1887,epc,e28011b0a5050077ab38217c,-72,-166.14581298828125,1,2026-03-31T10:01:03.476000+00:00,CUSTOM,1774951263476
2,866.3,1888,epc,e28069950000500f97d26e50,-70,-179.75279235839844,1,2026-03-31T10:01:03.486000+00:00,CUSTOM,1774951263486
2,866.3,1889,epc,e28069950000500f97d46e44,-72,34.47065734863281,1,2026-03-31T10:01:03.496000+00:00,CUSTOM,1774951263496
2,866.3,1890,epc,e28011b0a5050077ab3b1c67,-71,-146.95761108398438,1,2026-03-31T10:01:03.496000+00:00,CUSTOM,1774951263496
2,866.3,1891,epc,303800000666e10000000055,-57,98.13288116455078,1,2026-03-31T10:01:03.506000+00:00,CUSTOM,1774951263506
2,866.3,1892,epc,e28011b0a5050077ab39c776,-62,24.813379287719727,1,2026-03-31T10:01:03.506000+00:00,CUSTOM,1774951263506
2,866.3,1893,epc,3030ccaaaccc454348535210,-71,-137.89910888671875,1,2026-03-31T10:01:03.516000+00:00,CUSTOM,1774951263516
2,866.3,1894,epc,e28069950000400f97d2aa53,-70,-146.4247589111328,1,2026-03-31T10:01:03.517000+00:00,CUSTOM,1774951263517
2,866.3,1895,epc,ad72120643beddb0847e0091,-71,-179.9560546875,1,2026-03-31T10:01:03.526000+00:00,CUSTOM,1774951263526
2,866.3,1896,epc,e28011c1a5000062f7954d2c,-70,110.53681945800781,1,2026-03-31T10:01:03.527000+00:00,CUSTOM,1774951263527
2,866.3,1897,epc,e28011c1a5000062f794a5dc,-70,-85.76738739013672,1,2026-03-31T10:01:03.527000+00:00,CUSTOM,1774951263527
2,866.3,1898,epc,e28011b0a5050077ab3c39ac,-74,-76.36280059814453,1,2026-03-31T10:01:03.537000+00:00,CUSTOM,1774951263537
2,866.3,1899,epc,e28069950000500f97d71a50,-72,128.45057678222656,1,2026-03-31T10:01:03.537000+00:00,CUSTOM,1774951263537
2,866.3,1900,epc,e28011b0a5050077ab3a2daa,-72,-54.57075881958008,1,2026-03-31T10:01:03.537000+00:00,CUSTOM,1774951263537
2,866.3,1901,epc,e28011b0a5050077ab398289,-67,139.19552612304688,1,2026-03-31T10:01:03.547000+00:00,CUSTOM,1774951263547
2,866.3,1902,epc,e28011b0a5050077ab398181,-67,-157.4224090576172,1,2026-03-31T10:01:03.568000+00:00,CUSTOM,1774951263568
2,866.3,1903,epc,e82011122223333444450011,-67,-83.2459487915039,1,2026-03-31T10:01:03.578000+00:00,CUSTOM,1774951263578
3,866.3,1904,epc,e28069950000500f97d8b243,-63,89.92034912109375,1,2026-03-31T10:01:03.608000+00:00,CUSTOM,1774951263608
3,866.3,1905,epc,e28011b0a5050077ab398229,-27,-65.07949829101562,1,2026-03-31T10:01:03.609000+00:00,CUSTOM,1774951263609
3,866.3,1906,epc,e28011b0a5050077ab39ce09,-50,125.69841766357422,1,2026-03-31T10:01:03.619000+00:00,CUSTOM,1774951263619
3,866.3,1907,epc,e28011b0a5050077ab39cec9,-44,171.51829528808594,1,2026-03-31T10:01:03.639000+00:00,CUSTOM,1774951263639
3,866.3,1908,epc,e28011b0a5050077ab39a8b9,-57,-116.52455139160156,1,2026-03-31T10:01:03.649000+00:00,CUSTOM,1774951263649
3,866.3,1909,epc,e28011b0a5050077ab398299,-30,147.60581970214844,1,2026-03-31T10:01:03.650000+00:00,CUSTOM,1774951263650
3,866.3,1910,epc,303800000666a0000000001a,-57,-85.13016510009766,1,2026-03-31T10:01:03.670000+00:00,CUSTOM,1774951263670
3,866.3,1911,epc,303800000222e10000000027,-59,154.24725341796875,1,2026-03-31T10:01:03.691000+00:00,CUSTOM,1774951263691
3,866.3,1912,epc,303800000222a0000000001c,-54,62.970062255859375,1,2026-03-31T10:01:03.691000+00:00,CUSTOM,1774951263691
3,866.3,1913,epc,e28069950000500f97d76651,-57,-56.795555114746094,1,2026-03-31T10:01:03.701000+00:00,CUSTOM,1774951263701
3,866.3,1914,epc,e28069950000500f97d78e54,-62,125.45121765136719,1,2026-03-31T10:01:03.722000+00:00,CUSTOM,1774951263722
4,866.3,1915,epc,303800000aaa900000000015,-59,18.787195205688477,1,2026-03-31T10:01:03.793000+00:00,CUSTOM,1774951263793
4,866.3,1916,epc,303800000444a10000000016,-62,-134.5426788330078,1,2026-03-31T10:01:03.855000+00:00,CUSTOM,1774951263855
1,866.3,1917,epc,e28069950000500f97d64e44,-63,-83.74584197998047,1,2026-03-31T10:01:03.896000+00:00,CUSTOM,1774951263896
1,866.3,1918,epc,e28011b0a5050077ab398229,-48,-32.66884231567383,1,2026-03-31T10:01:03.906000+00:00,CUSTOM,1774951263906
2,866.3,1919,epc,e28069950000500f97d7a244,-66,27.159032821655273,1,2026-03-31T10:01:03.926000+00:00,CUSTOM,1774951263926
2,866.3,1920,epc,e28011b0a5050077ab3981a9,-70,-53.285316467285156,1,2026-03-31T10:01:03.946000+00:00,CUSTOM,1774951263946
2,866.3,1921,epc,e28011c1a5000062f7954d2c,-69,108.98770141601562,1,2026-03-31T10:01:03.956000+00:00,CUSTOM,1774951263956
2,866.3,1922,epc,303800000666e10000000055,-57,101.68157196044922,1,2026-03-31T10:01:03.967000+00:00,CUSTOM,1774951263967
1,866.3,1923,epc,303800000777e00000000008,-64,100.7257308959961,1,2026-03-31T10:01:04.101000+00:00,CUSTOM,1774951264101
1,866.3,1924,epc,e28069950000400f97d42a52,-63,90.44221496582031,1,2026-03-31T10:01:04.121000+00:00,CUSTOM,1774951264121
1,866.3,1925,epc,e28069950000400f97d83644,-63,129.6316375732422,1,2026-03-31T10:01:04.121000+00:00,CUSTOM,1774951264121
1,866.3,1926,epc,e28069950000500f97d3ae52,-56,176.2205810546875,1,2026-03-31T10:01:04.121000+00:00,CUSTOM,1774951264121
1,866.3,1927,epc,e28069950000400f97d54251,-61,-163.54747009277344,1,2026-03-31T10:01:04.131000+00:00,CUSTOM,1774951264131
1,866.3,1928,epc,e28069950000500f97d7a244,-60,-106.04327392578125,1,2026-03-31T10:01:04.152000+00:00,CUSTOM,1774951264152
1,866.3,1929,epc,e28069950000400f97d59244,-65,121.05105590820312,1,2026-03-31T10:01:04.162000+00:00,CUSTOM,1774951264162
1,866.3,1930,epc,e28069950000400f97d29251,-64,88.6678695678711,1,2026-03-31T10:01:04.162000+00:00,CUSTOM,1774951264162
1,866.3,1931,epc,e28069950000500f97d29250,-61,-105.31266021728516,1,2026-03-31T10:01:04.172000+00:00,CUSTOM,1774951264172
1,866.3,1932,epc,e28069950000500f97d80e53,-63,74.22040557861328,1,2026-03-31T10:01:04.182000+00:00,CUSTOM,1774951264182
1,866.3,1933,epc,e28011c1a50000703efc2e88,-63,46.68233108520508,1,2026-03-31T10:01:04.192000+00:00,CUSTOM,1774951264192
1,866.3,1934,epc,e28011c1a50000703efcc6ec,-61,-35.6846809387207,1,2026-03-31T10:01:04.192000+00:00,CUSTOM,1774951264192
1,866.3,1935,epc,e28011c1a50000703f0442cc,-61,-179.39573669433594,1,2026-03-31T10:01:04.202000+00:00,CUSTOM,1774951264202
1,866.3,1936,epc,e28069950000400f97d86251,-58,-106.94967651367188,1,2026-03-31T10:01:04.233000+00:00,CUSTOM,1774951264233
2,866.3,1937,epc,e280689000000000182a5476,-73,83.42723083496094,1,2026-03-31T10:01:04.243000+00:00,CUSTOM,1774951264243
2,866.3,1938,epc,e28011b0a5050077ab398239,-66,-132.79031372070312,1,2026-03-31T10:01:04.264000+00:00,CUSTOM,1774951264264
2,866.3,1939,epc,e2801191a5030069565f3190,-65,52.63161087036133,1,2026-03-31T10:01:04.284000+00:00,CUSTOM,1774951264284
2,866.3,1940,epc,e28011c1a5000062f794a5ec,-66,124.02294921875,1,2026-03-31T10:01:04.294000+00:00,CUSTOM,1774951264294
2,866.3,1941,epc,e28011b0a5050077ab3a2d16,-63,-46.81417465209961,1,2026-03-31T10:01:04.294000+00:00,CUSTOM,1774951264294
2,866.3,1942,epc,e2801191a5030069565f76e0,-71,30.323190689086914,1,2026-03-31T10:01:04.304000+00:00,CUSTOM,1774951264304
2,866.3,1943,epc,e2801191a5030069565f3110,-68,107.54844665527344,1,2026-03-31T10:01:04.304000+00:00,CUSTOM,1774951264304
2,866.3,1944,epc,e28069950000400f97d52e52,-68,-96.14429473876953,1,2026-03-31T10:01:04.314000+00:00,CUSTOM,1774951264314
2,866.3,1945,epc,e28069950000500f97d83a52,-65,-141.82135009765625,1,2026-03-31T10:01:04.314000+00:00,CUSTOM,1774951264314
2,866.3,1946,epc,e28011c1a50000703f052ed8,-72,-165.06912231445312,1,2026-03-31T10:01:04.345000+00:00,CUSTOM,1774951264345
2,866.3,1947,epc,303800000444a10000000008,-59,103.68663787841797,1,2026-03-31T10:01:04.355000+00:00,CUSTOM,1774951264355
2,866.3,1948,epc,e2801191a5030069565f31c0,-63,-168.99685668945312,1,2026-03-31T10:01:04.365000+00:00,CUSTOM,1774951264365
2,866.3,1949,epc,ad721205147be5bc5f000020,-71,72.050537109375,1,2026-03-31T10:01:04.365000+00:00,CUSTOM,1774951264365
2,866.3,1950,epc,e28011b0a5050077ab36c707,-69,20.968046188354492,1,2026-03-31T10:01:04.375000+00:00,CUSTOM,1774951264375
